[

  
  
  
  {
    "question": "Identify the question that Heather and Tanner's experiment can best answer.",
    "choices": [
      "Does Heather's snowboard slide down a hill in less time when it has a layer of wax or when it does not have a layer of wax?",
      "Does Heather's snowboard slide down a hill in less time when it has a thin layer of wax or a thick layer of wax?"
    ],
    "answer": 0,
    "hint": "The passage below describes an experiment. Read the passage and then follow the instructions below.\n\nHeather applied a thin layer of wax to the underside of her snowboard and rode the board straight down a hill. Then, she removed the wax and rode the snowboard straight down the hill again. She repeated the rides four more times, alternating whether she rode with a thin layer of wax on the board or not. Her friend Tanner timed each ride. Heather and Tanner calculated the average time it took to slide straight down the hill on the snowboard with wax compared to the average time on the snowboard without wax.\nFigure: snowboarding down a hill.",
    "image": "image.png",
    "task": "closed choice",
    "grade": "grade6",
    "subject": "natural science",
    "topic": "science-and-engineering-practices",
    "category": "Designing experiments",
    "skill": "Identify the experimental question",
    "lecture": "Experiments can be designed to answer specific questions. How can you identify the questions that a certain experiment can answer? In order to do this, you need to figure out what was tested and what was measured during the experiment.\nImagine an experiment with two groups of daffodil plants. One group of plants was grown in sandy soil, and the other was grown in clay soil. Then, the height of each plant was measured.\nFirst, identify the part of the experiment that was tested. The part of an experiment that is tested usually involves the part of the experimental setup that is different or changed. In the experiment described above, each group of plants was grown in a different type of soil. So, the effect of growing plants in different soil types was tested.\nThen, identify the part of the experiment that was measured. The part of the experiment that is measured may include measurements and calculations. In the experiment described above, the heights of the plants in each group were measured.\nExperiments can answer questions about how the part of the experiment that is tested affects the part that is measured. So, the experiment described above can answer questions about how soil type affects plant height.\nExamples of questions that this experiment can answer include:\nDoes soil type affect the height of daffodil plants?\nDo daffodil plants in sandy soil grow taller than daffodil plants in clay soil?\nAre daffodil plants grown in sandy soil shorter than daffodil plants grown in clay soil?",
    "solution": "",
    "split": "test",
    "llava_answer": "1",
    "llava_output": "1. Does Heather's snowboard slide down a hill in less time when it has a thin layer of wax or a thick layer of wax?",
    "cot_answer": "0",
    "image_captioned_prompt": "context: The passage below describes an experiment. Read the passage and then follow the instructions below.\n\nHeather applied a thin layer of wax to the underside of her snowboard and rode the board straight down a hill. Then, she removed the wax and rode the snowboard straight down the hill again. She repeated the rides four more times, alternating whether she rode with a thin layer of wax on the board or not. Her friend Tanner timed each ride. Heather and Tanner calculated the average time it took to slide straight down the hill on the snowboard with wax compared to the average time on the snowboard without wax.\nFigure: snowboarding down a hill. Figure:  'A man riding skis down a snow covered slope.'  Question: Identify the question that Heather and Tanner's experiment can best answer. Optioons: 0. Does Heather's snowboard slide down a hill in less time when it has a layer of wax or when it does not have a layer of wax? 1. Does Heather's snowboard slide down a hill in less time when it has a thin layer of wax or a thick layer of wax? \nAnswer: ",
    "llama_output": "0",
    "llama_zero_shot_output": "0",
    "cot_rationale": "Solution: Experiments can be designed to answer specific questions. How can you identify the questions that a certain experiment can answer? In order to do this, you need to figure out what was tested and what was measured during the experiment.nImagine an experiment with two groups of daffodil plants. One group of plants was grown in sandy soil, and the other was grown in clay soil. Then, the height of each plant was measured.nFirst, identify the part of the experiment that was tested. The part of an experiment that is tested usually involves the part of the experimental setup that is different or changed. In the experiment described above, each group of plants was grown in a different type of soil. So, the effect of growing plants in different soil types was tested.nThen, identify the part of the experiment that was measured. The part of the experiment that is measured may include measurements and calculations. In the experiment described above, the heights of the plants in each group were measured.nExperiments can answer questions about how the part of the experiment that is tested affects the part that is measured. So, the experiment described above can answer questions about how soil type affects plant height.nExamples of questions that this experiment can answer include:nDoes soil type affect the height of daffodil plants?nDo daffodil plants in sandy soil grow taller than daffodil plants in clay soil?nAre daffodil plants grown in sandy soil shorter than daffodil plants grown in clay soil?.",
    "llava_finetuned_answer": "0",
    "accurate_image_captions": "In the image, a young woman is snowboarding down a snow-covered slope. She is wearing a red jacket and appears to be enjoying herself as she navigates through the snowy terrain. The snowboarder is riding on a snowboard, which is visible in the foreground of the scene.  In the background, there are several trees scattered across the snowy landscape, adding to the winter atmosphere. The snowboarder's snowboard can be seen in various positions throughout the scene, indicating that she is making her way down the slope.",
    "tot_prompting": "1. Does Heather's snowboard slide down a hill in less time when it has a thin layer of wax or a thick layer of wax?\n\nExpert 1: Step 1 - Observe the image and identify the variables involved in the experiment. The variables in this case are the thickness of wax on Heather's snowboard and the time it takes for the snowboard to slide down the hill.\n\nExpert 2: Step 2 - Formulate a hypothesis based on the question. My hypothesis is that Heather's snowboard will slide down the hill in less time when it has a thinner layer of wax. This is because a thicker layer of wax may create more friction with the snow, slowing down the snowboard.\n\nExpert 3: Step 3 - Design the experiment to test the hypothesis. The experiment will involve applying different thicknesses of wax on Heather's snowboard and measuring the time it takes for the snowboard to slide down the hill. The experiment should be repeated multiple times to ensure accurate results."
  },
  {
    "question": "Which of the following could Kaylee's test show?",
    "choices": [
      "whether different types of bacteria would need different nutrients to produce insulin",
      "whether she added enough nutrients to help the bacteria produce 20% more insulin",
      "whether producing more insulin would help the bacteria grow faster"
    ],
    "answer": 1,
    "hint": "People can use the engineering-design process to develop solutions to problems. One step in the process is testing if a potential solution meets the requirements of the design.\nThe passage below describes how the engineering-design process was used to test a solution to a problem. Read the passage. Then answer the question below.\n\nPeople with diabetes sometimes take a medicine made from insulin. Insulin can be made by a special type of bacteria. Kaylee was a bioengineer who wanted to increase the amount of insulin that the bacteria produced by 20%. She read that giving the bacteria more nutrients could affect the amount of insulin they produced. So, Kaylee gave extra nutrients to some of the bacteria. Then, she measured how much insulin those bacteria produced compared to bacteria that did not get extra nutrients.\nFigure: studying bacteria in a laboratory.",
    "image": "image.png",
    "task": "closed choice",
    "grade": "grade8",
    "subject": "natural science",
    "topic": "science-and-engineering-practices",
    "category": "Engineering practices",
    "skill": "Evaluate tests of engineering-design solutions",
    "lecture": "People can use the engineering-design process to develop solutions to problems. One step in the process is testing if a potential solution meets the requirements of the design. How can you determine what a test can show? You need to figure out what was tested and what was measured.\nImagine an engineer needs to design a bridge for a windy location. She wants to make sure the bridge will not move too much in high wind. So, she builds a smaller prototype, or model, of a bridge. Then, she exposes the prototype to high winds and measures how much the bridge moves.\nFirst, identify what was tested. A test can examine one design, or it may compare multiple prototypes to each other. In the test described above, the engineer tested a prototype of a bridge in high wind.\nThen, identify what the test measured. One of the criteria for the bridge was that it not move too much in high winds. The test measured how much the prototype bridge moved.\nTests can show how well one or more designs meet the criteria. The test described above can show whether the bridge would move too much in high winds.",
    "solution": "",
    "split": "test",
    "llava_answer": "1",
    "llava_output": "1. Whether she added enough nutrients to help the bacteria produce 20% more insulin.\n\nIn the image, a person is preparing a test for bacteria, which is likely to determine the effectiveness of the nutrients provided to the bacteria. The test could show whether the nutrients are sufficient to help the bacteria produce 20% more insulin than they would without the added nutrients. This information would be valuable for understanding the optimal conditions for bacterial growth and insulin production.",
    "cot_answer": "1",
    "image_captioned_prompt": "context: People can use the engineering-design process to develop solutions to problems. One step in the process is testing if a potential solution meets the requirements of the design.\nThe passage below describes how the engineering-design process was used to test a solution to a problem. Read the passage. Then answer the question below.\n\nPeople with diabetes sometimes take a medicine made from insulin. Insulin can be made by a special type of bacteria. Kaylee was a bioengineer who wanted to increase the amount of insulin that the bacteria produced by 20%. She read that giving the bacteria more nutrients could affect the amount of insulin they produced. So, Kaylee gave extra nutrients to some of the bacteria. Then, she measured how much insulin those bacteria produced compared to bacteria that did not get extra nutrients.\nFigure: studying bacteria in a laboratory. Figure:  'A person is pouring liquid into a blender.'  Question: Which of the following could Kaylee's test show? Optioons: 0. whether different types of bacteria would need different nutrients to produce insulin 1. whether she added enough nutrients to help the bacteria produce 20% more insulin 2. whether producing more insulin would help the bacteria grow faster \nAnswer: ",
    "llama_output": "1",
    "llama_zero_shot_output": "2",
    "cot_rationale": "Solution: People can use the engineering-design process to develop solutions to problems. One step in the process is testing if a potential solution meets the requirements of the design. How can you determine what a test can show? You need to figure out what was tested and what was measured.nImagine an engineer needs to design a bridge for a windy location. She wants to make sure the bridge will not move too much in high wind. So, she builds a smaller prototype, or model, of a bridge. Then, she exposes the prototype to high winds and measures how much the bridge moves.nFirst, identify what was tested. A test can examine one design, or it may compare multiple prototypes to each other. In the test described above, the engineer tested a prototype of a bridge in high wind.nThen, identify what the test measured. One of the criteria for the bridge was that it not move too much in high winds. The test measured how much the prototype bridge moved.nTests can show how well one or more designs meet the criteria. The test described above can show whether the bridge would move too much in high winds..",
    "llava_finetuned_answer": "1",
    "accurate_image_captions": "a person in a white lab coat and gloves is preparing a yellow liquid in a beaker",
    "tot_prompting": "0. whether different types of bacteria would need different nutrients to produce insulin\n\nExpert 1: First, we need to make sure that Kaylee's test can determine if different types of bacteria would require different nutrients to produce insulin. One step we can take is to create multiple cultures of different bacteria strains, each with different nutrient compositions. We can then measure the insulin production from each culture and compare the results.\n\nExpert 2: Assuming we have successfully determined if different types of bacteria have different nutrient requirements, the next step is to evaluate whether Kaylee's test can show if she added enough nutrients to help the bacteria produce 20% more insulin. To do this, we can create two groups of bacteria cultures: one with the standard nutrient composition and another with additional nutrients. After measuring the insulin production from both groups, we can compare the results to see if the group with additional nutrients produced 20% more insulin.\n\nExpert 3: Once we have verified that Kaylee's test can determine if enough nutrients were added to achieve 20% more insulin production, we can move on to assessing whether producing more insulin would help the bacteria grow faster. We can create separate cultures with varied insulin production levels and collect data on the growth rates of each culture. By comparing the growth rates, we can determine if producing more insulin indeed leads to faster bacterial growth.\n\nIt is important to note that further experiments and analyses may be required to validate these hypotheses and fully answer the question."
  },
  {
    "question": "Select the mammal below.",
    "choices": [
      "gray wolf",
      "keel-billed toucan"
    ],
    "answer": 0,
    "hint": "Mammals have hair or fur and feed their young milk. A sea otter is an example of a mammal.",
    "image": "image.png",
    "task": "closed choice",
    "grade": "grade3",
    "subject": "natural science",
    "topic": "biology",
    "category": "Classification",
    "skill": "Identify mammals, birds, fish, reptiles, and amphibians",
    "lecture": "Birds, mammals, fish, reptiles, and amphibians are groups of animals. The animals in each group have traits in common.\nScientists sort animals into groups based on traits they have in common. This process is called classification.",
    "solution": "A keel-billed toucan is a bird. It has feathers, two wings, and a beak.\nToucans have large beaks. A toucan's beak can be half as long as its body.\nA gray wolf is a mammal. It has fur and feeds its young milk.\nWolves often live in family groups. A wolf mother, father, and their children travel together.",
    "split": "test",
    "llava_answer": "1",
    "llava_output": "1",
    "cot_answer": "0",
    "image_captioned_prompt": "context: Mammals have hair or fur and feed their young milk. A sea otter is an example of a mammal. Figure:  'A couple of ducks swimming in a body of water.'  'A large gray and black dog standing in the snow.'  'A colorful bird perched on top of a tree branch.'  Question: Select the mammal below. Optioons: 0. gray wolf 1. keel-billed toucan \nAnswer: ",
    "llama_output": "0",
    "llama_zero_shot_output": "0",
    "cot_rationale": "Solution: Birds, mammals, fish, reptiles, and amphibians are groups of animals. The animals in each group have traits in common.nScientists sort animals into groups based on traits they have in common. This process is called classification. A graywolfel-billed toucan is a bird. It has feathers, two wings, and a beak.nToucans do sharp beaks. A grayucan's beak can be half as long as its body.nA gray wolf is a mammal. It has fur and feeds its young milk.nWolves live live near groups groups. A graywolf'' father, and their children have together.",
    "llava_finetuned_answer": "0",
    "accurate_image_captions": "The image features an adorable sea otter swimming in a body of water. The otter is floating on its back, holding a piece of kelp in its front paws. It appears to be relaxing and enjoying its time in the water. There are two other sea otters visible in the scene, one closer to the left side of the image and the other closer to the right side. These otters appear to be playing or interacting with each other, adding to the lively atmosphere of the scene.",
    "tot_prompting": "3. sea otter"
  },
  {
    "question": "What is the name of the colony shown?",
    "choices": [
      "New Hampshire",
      "Delaware",
      "Kentucky",
      "Wisconsin"
    ],
    "answer": 1,
    "hint": "",
    "image": "image.png",
    "task": "closed choice",
    "grade": "grade4",
    "subject": "social science",
    "topic": "us-history",
    "category": "English colonies in North America",
    "skill": "Identify the Thirteen Colonies",
    "lecture": "",
    "solution": "The colony is Delaware.",
    "split": "test",
    "llava_answer": "1",
    "llava_output": "1. Delaware",
    "cot_answer": "1",
    "image_captioned_prompt": " Figure:  'A large green and white bird statue sitting on top of a green field.'  Question: What is the name of the colony shown? Optioons: 0. New Hampshire 1. Delaware 2. Kentucky 3. Wisconsin \nAnswer: ",
    "llama_output": "3",
    "llama_zero_shot_output": "3",
    "cot_rationale": "Solution: The colony is Delaware..",
    "llava_finetuned_answer": "1",
    "accurate_image_captions": "The image depicts a map of the United States, with the state of New Jersey highlighted in green. The state is located in the northeastern region of the country, near the Atlantic Ocean. There are several other states visible on the map, including New York, Pennsylvania, Delaware, and Maryland.  In total, there are at least 10 states visible on the map, with varying sizes and positions. Some of the states are closer to the center of the map, while others are more towards the edges.",
    "tot_prompting": "New Jersey"
  }
]